text,date
wealthy asians flying to the us on organised ‚Äòvaccine tourism‚Äô trips amid slow rollout at h‚Ä¶,2021-05-31 05:57:10
wealthy asians flying to the us on organised ‚Äòvaccine tourism‚Äô trips amid slow rollout at¬†home,2021-05-31 05:57:05
wealthy asians flying to the us on organised 'vaccine tourism' trips amid slow rollout at home,2021-05-31 05:52:34
"""we're setting up mobile vaccination opportunities for tourists in some of the best trafficked parts o‚Ä¶",2021-05-31 05:24:42
the tourism authority of kiribati (tak) welcomes the commencement of the kiribati covid-19 vaccination program now‚Ä¶,2021-05-31 05:09:50
i‚Äôm in canada. it‚Äôs a race to protect against variants. to do that you need few gaps in your vaccine timeline‚Ä¶,2021-05-31 04:48:36
‚Äòlike a dream‚Äô: latin americans head to u.s. for covid shots,2021-05-31 04:28:08
"i love this. i know it's not equitable, but the entire world needs to get vaccinated as soon as possible. we've com‚Ä¶",2021-05-31 04:15:47
"tourism agency warns against 

 tourism dept has ordered to suspend ‚Äúvaccine tours‚Äù to  due‚Ä¶",2021-05-31 04:15:31
nytimes: ‚Äòlike a dream‚Äô:  americans head to u.s. for  shots ‚Äòlike a dream‚Äô: latin americans head to u.s‚Ä¶,2021-05-31 04:13:04
vaccine tourism packages let rich asians flock to us for covid jabs - traveller,2021-05-31 04:02:33
"‚Äòlike a dream‚Äô: latin americans head to u.s. for covid shots

frustrated with the lagging pace of vaccinations at h‚Ä¶",2021-05-31 03:14:31
saw it too. its prolly bc everyone‚Äôs still skeptical with sinovac and only prefer a‚Ä¶,2021-05-31 03:04:53
"a few weeks ago i saw vaccine tourism to the us is it become a new business to them,‚Ä¶",2021-05-31 03:01:15
"el sue√±o americano 

‚Äòlike a dream‚Äô: latin americans head to u.s. for covid shots - the new york times",2021-05-31 02:52:20
"the new york times: ‚Äòlike a dream‚Äô: latin americans head to u.s. for covid shots.


via",2021-05-31 02:22:35
vaccine tourism packages let wealthy asian people travel to us for covid jab: wealthy¬†asians are escaping covid-19‚Ä¶,2021-05-31 02:18:27
"""no business will be able to deny you services based on your vaccine status. except cruise ships. and theme parks.‚Ä¶",2021-05-31 02:17:06
"frustrated with the lagging pace of vaccinations at home, well-off latin americans have been flying north for a sho‚Ä¶",2021-05-31 02:05:28
do people really think that the bahamas or other tourism heavy island countries in the‚Ä¶,2021-05-31 01:43:38
pattaya: city faces permanent tourism destruction if enough vaccine can't be found ‚Ä¶,2021-05-31 01:32:41
"vaccine tourism is as if ‚Äúsomeone loans you their broom to take your mother to the hospital, and then you decide to t‚Ä¶",2021-05-31 01:20:25
vaccine tourism is both highly inequitable and inefficient. just send the vaccines.,2021-05-31 01:19:51
"crocodile tears.

‚Äòlike a dream‚Äô: latin americans head to u.s. for covid shots",2021-05-31 01:17:10
"biden should be donating more vaccines worldwide.

also my aunt right now is on a plane headed here from taiwan for vaccine tourism.",2021-05-31 00:40:31
tl;dr: centering on the symptom (vaccine tourism) instead of the root cause (constrained supply) is a missed opport‚Ä¶,2021-05-31 00:36:00
tourism secretary bernadette romulo-puyat said the dot has tapped the international air transport association (iata‚Ä¶,2021-05-31 00:30:00
we‚Äôre kidding ourselves to think that the privileged don‚Äôt get first dibs when the doses are distributed via covax.‚Ä¶,2021-05-31 00:25:14
"looks like this story is making the rounds, so let‚Äôs put it into perspective:
üî∏&lt;2 million tourist visas issued to l‚Ä¶",2021-05-31 00:25:13
"also, folks are kidding themselves if they think that the privileged don‚Äôt get first dibs through cova‚Ä¶",2021-05-31 00:16:38
"‚Äú[a]s success stories of latin americans getting their jabs are shared on social media posts and by word of mouth,‚Ä¶",2021-05-31 00:06:51
[] 'like a dream': latin americans head to u.s. for covid shots.,2021-05-30 23:19:01
"i'm thinking how many vaccines canada lost without using it and the us making much money with ""tourism vaccine"" whi‚Ä¶",2021-05-30 23:05:43
"read: ""‚Äòlike a dream‚Äô: latin americans head to u.s. for covid shots"" those who can afford to and can get visas. thi‚Ä¶",2021-05-30 22:45:59
scottish hospitality and tourism is on its knees but according to ruth wishart we don‚Äôt need the ‚Äúwrong sort‚Äù of to‚Ä¶,2021-05-30 22:36:56
"it is baffling that the governor of florida wants to destroy an industry that brings so much money into his state,‚Ä¶",2021-05-30 22:33:43
i read an article recently on vaccine tourism,2021-05-30 22:22:14
desantis stands by no cruise ship exemption for ‚Äòvaccine passports‚Äô,2021-05-30 22:22:00
"for the european union the üíâ is only good if it is produced by the pharmaceutical lobbies

eu agrees to open up to‚Ä¶",2021-05-30 22:08:53
best governor in the country.,2021-05-30 21:38:33
"is wrong.
 supersedes florida state law or governor's executive order,‚Ä¶",2021-05-30 21:37:33
"if you can get a visa and afford the flight to miami, you can get vaccinated.",2021-05-30 21:13:21
somoene finally explained tourism to the governor of florida.,2021-05-30 21:08:17
"‚Äúmillionaires and billionaires traveling across continents or oceans to get a vaccine, usually twice, means greater‚Ä¶",2021-05-30 20:46:42
covid vaccine tourism?,2021-05-30 20:45:53
good. liberty. constitutional-conservatism.,2021-05-30 20:19:29
"british pm boris johnson is pressuring canada for answers on travel + vaccine passports. the mayor of windsor, onta‚Ä¶",2021-05-30 20:16:05
the access has proved a bonanza for the privileged in countries where the virus continues to take a brutal toll ‚Äî e‚Ä¶,2021-05-30 19:58:19
"i am on team  , but if i were to go, i would want to make sure everyone on cruise was vaccinated, assum‚Ä¶",2021-05-30 19:44:03
can imagine british families with kids doing this soon...,2021-05-30 19:18:26
vaccination should not be tied to or packaged with a financial outflow for other than‚Ä¶,2021-05-30 19:14:49
doesn‚Äôt care about floridians. last year cruise ships full of passengers were stranded off‚Ä¶,2021-05-30 19:11:36
what would ron desantis do if celebrity cruises and other cruise lines decided that the cost of using florida ports‚Ä¶,2021-05-30 18:55:26
"""equal weitage for all the state""-ns

equal vaccine?
equal flood relief?
equal gst? (unlike‚Ä¶",2021-05-30 18:53:44
"brazil is a huuuge country of course, here.... we are like 7 million- 2.5 millions got vaccinated‚Ä¶",2021-05-30 18:52:18
"last two rts: definitely fearful of this: 

uhnwi families (&gt; rs 75cr)- they will move out &amp; stay there - dubai, s‚Äô‚Ä¶",2021-05-30 18:50:02
"‚Äú‚Äòlike a dream‚Äô: latin americans head to u.s. for covid shots‚Äù ,",2021-05-30 18:38:22
‚Äúthe early wave of argentine vaccine travelers who returned home with american vaccine certificates drove a sharp r‚Ä¶,2021-05-30 18:33:07
"(1) india as a vaccine capital is a sad joke, others will build vaccine supplies els‚Ä¶",2021-05-30 18:26:32
‚Äòlike a dream‚Äô: latin americans head to u.s. for covid shots - the new york times,2021-05-30 18:16:13
is willing to destroy f‚Ä¶,2021-05-30 18:07:08
"tourism isn't allowed in the current time. i checked it right now on both sides.

but when i get m‚Ä¶",2021-05-30 18:04:05
and  could do same to rapidly kickstart vaccine tourism to usa ? us airlines to book flights ?‚Ä¶,2021-05-30 17:55:18
(1) aren‚Äôt republicans pro freedom of contract and against government regulation of the market (2) how is this not‚Ä¶,2021-05-30 17:35:10
"noticias: ‚Äòlike a dream‚Äô: latin americans head to u.s. for covid shots , see more",2021-05-30 17:23:40
efficiencies of the free market,2021-05-30 17:15:39
"eu agrees to open up to foreign tourists fully vaccinated against covid-19, but not to those who've had russia‚Äôs sp‚Ä¶",2021-05-30 17:09:29
"top story: ‚Äòlike a dream‚Äô: latin americans head to u.s. for covid shots , see more",2021-05-30 17:03:50
republicans: businesses should be able to serve - or not serve - whoever the hell the want. that's how free enterpr‚Ä¶,2021-05-30 16:55:41
"""the access [to üíâ]has proved a bonanza for the privileged in countries where the virus continues to take a brutal t‚Ä¶",2021-05-30 16:55:20
"early in the pandemic, trump wanted prevent a cruise ship filled with passengers infected with covid-19 from dockin‚Ä¶",2021-05-30 16:52:28
the us worried about vaccine tourists. now it‚Äôs encouraging them. the us has more vaccins than its domestic demand‚Ä¶,2021-05-30 16:46:07
"the fearmongers will screw  and other countries that depend on tourism, by pushing vaccine passports for inte‚Ä¶",2021-05-30 16:44:01
‚Äòlike a dream‚Äô: latin americans head to u.s. for covid shots. don‚Äôt blame,2021-05-30 16:37:27
"vaccine tourism is as if ‚Äúsomeone loans you their car to take your mother to the hospital, and then you decide to t‚Ä¶",2021-05-30 16:37:06
"i think desantis has frequently gotten a bad rap and, relative to numerous factors like ‚Äúthe average age of the sta‚Ä¶",2021-05-30 16:31:29
russia is doing it. aetoflot is offering vaccine tourism. i see nothing wrong if hotels have a ti‚Ä¶,2021-05-30 16:24:20
"florida gov. ron de santis says he will fine cruise companies $5,000 for each person who is required to show proof‚Ä¶",2021-05-30 16:24:16
signed disney exemption for internet speech law,2021-05-30 16:16:55
"sadly, if the cruise ships docked in galveston, they would be allowed to require vaccines.",2021-05-30 16:14:21
"the us has so much excess vaccine, friends in other countries tell me that travel agents are booking vaccine trip p‚Ä¶",2021-05-30 16:11:57
care to exercise some intellectual &amp; journalistic honesty &amp; take a similar stance on‚Ä¶,2021-05-30 16:04:35
"frustrated with the lagging pace of vaccinations at home, a growing number of rich latin americans have been flying‚Ä¶",2021-05-30 15:55:46
"‚Äòlike a dream‚Äô: unable to get vaccines at home, like americans who can head to the united states for their jab.",2021-05-30 15:55:40
good we can share with our latin american neighbors vaccines that us citizens don't want; but imperative they hold‚Ä¶,2021-05-30 15:51:58
desantis stands by no cruise ship exemption for 'vaccine passports' (orlando sentinel),2021-05-30 15:50:43
ron desantis' incessant need to please dear(cult)leader trumpand his ban on vaccine passports just cost florida mil‚Ä¶,2021-05-30 15:49:38
it is not conservative to tell cruise lines what rules they can have. and it is not conservative to create some odd‚Ä¶,2021-05-30 15:37:02
desantis is a complete dunce.,2021-05-30 15:25:17
this is fundamentally a progressive policy. nothing conservative about it. government dictating to private companie‚Ä¶,2021-05-30 15:22:33
"latin america is flocking to the us, now with affluents getting for vaccination",2021-05-30 15:21:38
"we‚Äôre considering another cruise on  with friends, but there‚Äôs no way we‚Äôre going to embark from fl‚Ä¶",2021-05-30 15:20:13
they don‚Äôt care it‚Äôs a tale of two cities,2021-05-30 15:19:32
this is so stupid.,2021-05-30 15:16:17
"‚Äúfrustrated with the lagging pace of vaccinations at home, well-off latin americans have been flying north for a sh‚Ä¶",2021-05-30 15:05:09
‚Äúwhere tens of millions of americans have opted not to get inoculated ‚Äî wealthy and middle-class latin americans wi‚Ä¶,2021-05-30 14:54:30
it‚Äôs not just ‚Äúwell off‚Äù americans anyone with a us visa is doing the investment of getting vaccinated abroad becau‚Ä¶,2021-05-30 14:46:07
trump did all he could to discredit the pandemic and the vaccines and lots of dumb americans listened to him.  alth‚Ä¶,2021-05-30 14:44:56
this story is so representative of latin america: access to most social goods is determined by wealth. vaccine tour‚Ä¶,2021-05-30 14:24:55
this is why jnj one dose is still useful - also for vaccine tourism,2021-05-30 14:12:23
"while some americans still are refusing to  for political reasons, thousands are coming here to take adva‚Ä¶",2021-05-30 14:10:19
cesar wildin'.,2021-05-30 14:08:32
bring vaccine's not tourism,2021-05-30 13:55:07
it me:,2021-05-30 13:42:57
"once again money buys happiness or at least life in this case! us should be ashamed, but hey it's good for‚Ä¶",2021-05-30 13:19:35
"desantis, in continuing efforts to kill florida citizens and the tourism industry, threatens ban on cruise ship‚Äôs c‚Ä¶",2021-05-30 13:18:42
"despite the ethical conundrums around vaccine tourism, the chance to skip the line has a powerful pull.",2021-05-30 13:08:01
well this are seeds of vaccine tourism,2021-05-30 12:54:56
via  so much for idiot american vaccination resistors‚Äîbravo latin americans!,2021-05-30 12:31:31
the latest boon for south america-us flights: vaccine seekers.,2021-05-30 12:16:59
"some states in the us are actively encouraging vaccine tourism. 

officials are not screening visa applicants who f‚Ä¶",2021-05-30 11:38:43
salam yb  just wanted to asked when the hotelier in the tourism sector can get the vaccine? please speed i‚Ä¶,2021-05-30 11:34:30
"abela also spoke of the vaccine certificate, saying it will be key for the reopening of tourism and domestic activi‚Ä¶",2021-05-30 11:08:11
"so when covid first popped off and i heard folks with resources we‚Äôre starting to 

1. stockpile food and medical s‚Ä¶",2021-05-30 11:04:51
‚Ä¶,2021-05-30 11:01:45
even vaccination is not managed properly. large number of people who got 1st doze r unable to get second doze. sinc‚Ä¶,2021-05-30 10:51:36
"just make everyone a priority! everyone has to work, and in a state which is heavily dependent on touri‚Ä¶",2021-05-30 10:25:03
"couple of issues: shortage of vaccines, lockdown prohibiting vaccine tourism, majority of population wan‚Ä¶",2021-05-30 10:25:00
"what‚Äôs wrong with that is that they didn‚Äôt come up with the idea.. if they had suggested it, every hotel‚Ä¶",2021-05-30 10:22:43
"vaccine tourism...
even uae is in the loop..
üòÖüôÑ",2021-05-30 10:01:12
"frustrated with the lagging pace of vaccine campaigns at home and seeing a surplus of doses in the u.s., wealthy an‚Ä¶",2021-05-30 08:45:09
latin america‚Äôs covid wave prompts a spike in vaccine tourism,2021-05-30 08:00:46
"rt vaccine tourism is as if ‚Äúsomeone loans you their car to take your mother to the hospital, and then you decide t‚Ä¶",2021-05-30 07:50:11
covid-19: mp tourism department organises drive in vaccine shots for all age group,2021-05-30 07:49:49
"rt techreview ""vaccine tourism is as if ‚Äúsomeone loans you their car to take your mother to the hospital, and then‚Ä¶",2021-05-30 07:45:05
"""‚Äòlike a dream‚Äô: latin americans head to u.s. for covid shots"" by by ernesto londo√±o, daniel politi and santi carne‚Ä¶",2021-05-30 07:27:14
‚Äòlike a dream‚Äô: latin americans head to u.s. for covid shots by juan carlos gill ram√≠rez  nyt &gt; world news,2021-05-30 07:06:27
"'with ref eu launching its vaccine passport, you would hope the uk is synchronising. 
great news for tourism' as eu‚Ä¶",2021-05-30 07:04:07
"the may issue of 'asia pacific travel &amp; tourism report' is out!ü•≥ 
hot topics range from vaccine, sport‚Ä¶",2021-05-30 06:50:00
why ? what is wrong with this approach if the hotels hires trained medical staff to administer vaccine and follows‚Ä¶,2021-05-30 06:49:31
to prevent serious infection from covid19 and to boost immunity for the said virus. being vacc‚Ä¶,2021-05-30 06:48:48
"people from south america are flying to the us to get vaccinated, but i can‚Äôt &amp; i‚Äôm a us citizen 
latin america‚Äôs c‚Ä¶",2021-05-30 06:32:10
"can u beat this... vaccine tourism is a thing of the past, i suppose.",2021-05-30 06:15:38
tourism is happening all over europe... it's good income for all the players‚Ä¶,2021-05-30 06:05:09
loads of slots down here. vaccine tourism?,2021-05-30 06:04:49
"unjust hike in gas &amp; electricity bills. tourism crashed, governance failure, vaccine sold to foreign nations leavin‚Ä¶",2021-05-30 05:25:38
"bang on, right, asad bhai. whn vaccine can be a‚Ä¶",2021-05-30 05:24:31
vaccine tourists are coming to america - cnn,2021-05-30 05:15:02
‚Äòlike a dream‚Äô: latin americans head to u.s. for covid shots  taxpayers are paying for usa p‚Ä¶,2021-05-30 04:35:13
about a lakh vaccines are being administered everyday in b'luru but barely 2-3% update appointment‚Ä¶,2021-05-30 04:28:16
current precedent; most airlines and  tourism companies already mandate vac‚Ä¶,2021-05-30 04:16:52
"...roughly on par with similarly developed nations.
going back to the first paragrap‚Ä¶",2021-05-30 04:07:40
"a) half past a freckle.
b) ""when i've finished my strategic plan for the pandemic and vaccine roll-out -‚Ä¶",2021-05-30 03:51:49
great goa in tourism losses can be recovered with attractive measures like 100% vaccination of sta‚Ä¶,2021-05-30 03:48:58
"‚Äúthe guy didn‚Äôt even ask what we came here to do,‚Äù mr. bojac√° marveled in a subsequent scene in the video. ‚Äúi had p‚Ä¶",2021-05-30 02:44:20
"tavis hall works to boost the local economy through travel and tourism, showcasing what the area has to offer.  he‚Ä¶",2021-05-30 02:40:18
"i'm soundly embarrassed for mit faculty.  mit has long been in a bubble that they forget math &amp; chem, b‚Ä¶",2021-05-30 02:32:02
"sorry cannot help myself - just thinking about travel, domestic tourism, closed restaurants and small businesses du‚Ä¶",2021-05-30 02:18:03
i‚Äôm in canada. it‚Äôs a race to protect against variants. to do that you need few gaps in your vaccine timeli‚Ä¶,2021-05-30 02:15:54
"centre issued guidelines to stop vaccine tourism. 

only govt/private hospitals, make shift hospitals in residentia‚Ä¶",2021-05-30 02:02:20
interesting article on rising vaccine tourism from latin america to the united states. it is clearly inefficient an‚Ä¶,2021-05-30 01:39:13
"really glad that the united states is sharing vaccines with foreign travelers, but we also need to be exporting mil‚Ä¶",2021-05-30 01:22:34
"korean tourists, businessmen seen to return to ph as vaccine drive gains ground



letstalkcity‚Ä¶",2021-05-30 01:21:59
"ron desantis isn't backing down!

florida cruise lines will not be allowed to demand proof of vaccination in order‚Ä¶",2021-05-30 00:28:23
"not sure if i want to cry and laugh 
 russia trip for rs 1.29 lakh with 2 sputnik v jabs, vaccine to‚Ä¶",2021-05-30 00:22:04
and all the travel &amp; tourism jobs lost due to snail pace vaccine rollout,2021-05-30 00:12:22
unfortunately vaccine tourism is not illegal in the us.,2021-05-30 00:04:30
"""you don't describe a vaccine rollout as a race. the melbourne cup is a race, the stawell gift is a race.""

- trade‚Ä¶",2021-05-29 23:41:56
is there anything more dispiriting for the multi-billion $ tourism industry and all those who work in it to listen‚Ä¶,2021-05-29 23:37:23
i hope that sheeple  voters see this and realise they are being conned by morri-sc‚Ä¶,2021-05-29 22:35:53
new developments are popping up in  as the city plans to offer tourists a  to show tourists tha‚Ä¶,2021-05-29 22:26:28
a‚Ä¶,2021-05-29 22:15:39
tories wanted to save the expense and effort of covid surpression measures just relying on the vaccine. that 'strat‚Ä¶,2021-05-29 21:14:43
‚Äòlike a dream‚Äô: latin americans head to u.s. for covid shots - the new york times  via,2021-05-29 21:06:34
"i know how we can get the magats to embrace the vaccine - lets tell them that the ""mexicans"" are stealing their dos‚Ä¶",2021-05-29 20:22:41
"frustrated by vaccine shortages at home, some wealthy travelers are coming to the us to score  vaccines. th‚Ä¶",2021-05-29 20:05:00
privileged latin americans in countries where the virus is taking a brutal toll have been flying to the united stat‚Ä¶,2021-05-29 19:07:44
"people from middle and high-income classes are travelling to usa to get their covid vaccine, since less privileged‚Ä¶",2021-05-29 19:04:28
"with lagging distribution at home, well-off latin americans with tourist visas are flocking to the u.s. to score co‚Ä¶",2021-05-29 18:45:51
they are also promoting tourism vaccine here in nyc. visit nyc and get y‚Ä¶,2021-05-29 18:28:22
"new york times | cost of airfares on several latin america/u.s. routes skyrockets as thousands, frustrated with the‚Ä¶",2021-05-29 18:15:28
woman is facing charges after  she drove through a local¬†covid-19 vaccination sit‚Ä¶,2021-05-29 18:03:37
once again.  is reacting to the political optics of this hotel package based vaccine tourism. once they‚Ä¶,2021-05-29 18:03:04
"ok, but there's no reason it can't be vaccinated tourism rather than vaccine tourism.",2021-05-29 17:54:45
"i bet they are thousands already. especially in florida, it‚Äôs vaccine tourism on steroids now.",2021-05-29 17:50:33
i am planning to travel to serbia on 2nd june from delhi for tourism purpose and will be staying in‚Ä¶,2021-05-29 17:05:11
"its already here mate, as well as thousands of variants, you ain't gonna get rid of it.

people hav‚Ä¶",2021-05-29 16:38:37
i am planning to travel to serbia on 2nd june from delhi for tourism purpose and will be staying in bel‚Ä¶,2021-05-29 16:20:46
"us apparently encouraging vaccine tourism.

there are many vulnerable communities who are yet to get vaccinated in‚Ä¶",2021-05-29 16:19:49
what the hell is happening? none of the state governments are able to procure vaccines.  centre says vaccines can't‚Ä¶,2021-05-29 16:13:18
"among 12 latin americans who traveled for vaccines and were interviewed for this article, several expressed feeling‚Ä¶",2021-05-29 15:32:24
"""‚Äòlike a dream‚Äô: latin americans head to u.s. for covid shots"" by ernesto londo√±o, daniel politi and santi carneri‚Ä¶",2021-05-29 15:20:30
"spot on. anyway, the highest levels of transmission are in areas well away from tourism,‚Ä¶",2021-05-29 15:17:34
"the propaganda going on that firms, corportates, hospitality sector is arranging for vaccines or giving vaccine tou‚Ä¶",2021-05-29 14:33:11
new york and other major cities are encouraging vaccine tourism ‚Äì but at what cost?  via,2021-05-29 14:26:39
"hey motherfucker, the rest of the world will remember forever de vaccine tourism that usa is doing...... the‚Ä¶",2021-05-29 14:06:02
"i missed my plane ticket to peru, and because vaccine tourism changes in flights are incredibly expensive. i'm real‚Ä¶",2021-05-29 14:03:51
san marino launches vaccine tourism campaign using russian covid¬†vaccine!,2021-05-29 13:36:33
"unfortunately it's bollocks. most of the students have gone, as their exams were finished a couple of‚Ä¶",2021-05-29 13:27:19
this is what happens when the state is more interested than the citizen in the vaccination. in many coun‚Ä¶,2021-05-29 13:06:27
"yes, instead of flashing my vaccine card and spending two weeks in puglia or santorini, i‚Äôll book a trip to austral‚Ä¶",2021-05-29 13:05:13
"india provided vaccine to many countries...

india shares a very c‚Ä¶",2021-05-29 12:23:57
"joe sir,tourism will take lot of time to recover to become normal but education; research; export +vaccine a‚Ä¶",2021-05-29 12:07:34
"the tourism authority of thailand has confirmed that the phuket sandbox will go ahead as planned on 1st july. 

tat‚Ä¶",2021-05-29 11:57:18
could this explain 4crore missing vaccines! vaccine tourism!!!,2021-05-29 11:34:14
"too good,  tourism... but should allow vaccine of their choice.. pfizer, moderna, johnson, sp‚Ä¶",2021-05-29 11:17:24
"if australians elect you and labor next election, can you guarantee us all pfizer /moderna by end of 2021??‚Ä¶",2021-05-29 10:34:10
vaccine tourism but for people of our own country üòÇ,2021-05-29 10:24:19
"what we indians need now is oxygen, vaccine, farmers support and unity, not  tourism, beer and central vista! facis‚Ä¶",2021-05-29 10:21:43
remember his track record in tourism?,2021-05-29 09:49:10
cruise ships are registered outside of the us to avoid us taxes. the v‚Ä¶,2021-05-29 09:48:34
"stop blaming tourists 
how do u know they are to blame ?
no wonder how tourism is struggling 
when ppl‚Ä¶",2021-05-29 09:35:52
"same storm, but clearly not the same boat?!  
.
.",2021-05-29 09:24:14
there‚Äôd be a huge vaccine tourism market if australians weren‚Äôt banned from leaving.,2021-05-29 09:16:43
i remember around that time the tourism ministers welcoming ukrainian tourists on holiday while kenyans &amp; health wo‚Ä¶,2021-05-29 08:31:17
why will i wait? vaccine tourism is on!,2021-05-29 08:15:50
i have voted for both sides in politic‚Ä¶,2021-05-29 07:58:34
"with vaccine tourism gaining traction, countries like greece and iceland, which declared themselves open to vaccina‚Ä¶",2021-05-29 07:46:44
governor still reviewing gvb‚Äôs vaccine tourism plan  via  news first,2021-05-29 07:22:38
excellent article in  tech review. states are now offering vaccines to encourage tourists. yet ‚Ä¶,2021-05-29 07:12:17
covid-19: mp tourism department organises drive in vaccine shots for all age group | news ‚Äì times of india¬†videos,2021-05-29 06:04:02
anti science isn't just about the vaccine it's about the entire past year+ w‚Ä¶,2021-05-29 05:36:28
"vaccine tourism! travelling to russia, uae, america to get a covid-19 vaccine is the newest trend in the travel ind‚Ä¶",2021-05-29 05:33:06
came across this one. vaccine tourism for the rich? while states can't get vaccines from the manufacturer? next the‚Ä¶,2021-05-29 05:13:00
vaccine tourism is real üòÇüôèüèº,2021-05-29 04:41:31
"a communist country russia is charging 130000 for the sputnik vaccine tourism package,‚Ä¶",2021-05-29 03:40:32
"hey guys, tourism players in langkawi is working on a  campaign. trying to create a safe travel bubble to‚Ä¶",2021-05-29 03:36:59
"if you are in india, you have very limited options to travel abroad. as of may 28, 5 countries are completely open‚Ä¶",2021-05-29 03:30:00
there is reason to worry. everyone is opening up around and before  and the province at 160k population continu‚Ä¶,2021-05-29 03:18:33
"state tourism, arts and culture minister abdul karim rahman hamzah was quoted as saying sarawak was different from‚Ä¶",2021-05-29 03:04:28
medical tourism is a thing so why not vaccine tourism?,2021-05-29 02:48:35
how long until we hear the gqp - who are refusing shots anyway - complain that vaccines should only be given to leg‚Ä¶,2021-05-29 02:38:39
i look at lsrael and see how the pfizer vaccine has basically eliminated covid to the point where th‚Ä¶,2021-05-29 02:29:31
interesting! what if the tourism industry takes a cue and pivots to vaccine staycations after‚Ä¶,2021-05-29 02:16:05
the who approved vaccines will be used for the safe tourism trave‚Ä¶,2021-05-29 01:42:26
as someone who loves cruising and wants to again this is infuriating.,2021-05-29 00:34:17
"the libs claim to be ‚Äúbetter economic managers‚Äù (false on so many levels), but their mishandling of quarantine and‚Ä¶",2021-05-29 00:25:49
vaccine tourism in hyderabad. why the special privilege if the vaccine is free for every citizen in telangana state‚Ä¶,2021-05-29 00:11:49
your covid related lightbulb of the day: instead of an afterthought kind of vaccine tourism where only the 1% would‚Ä¶,2021-05-29 00:09:07
:  ‚Äúi decided to travel because i was not sure when i was going to get the vaccine in my country.‚Äù,2021-05-28 22:10:53
jamaica tourism minister steps up lobby for vaccine equity at global tourism recovery¬†summit,2021-05-28 22:10:22
vaccine tourism takes off as indian variant spreads through asia,2021-05-28 22:02:01
minister bartlett steps up lobby for vaccine equity at global tourism recovery summit,2021-05-28 22:00:49
"devastated by an economic recession that has disproportionately impacted the tourism industry, pacific island count‚Ä¶",2021-05-28 22:00:00
"and in the bustling terminals of   sees ‚Äújobs, jobs, jobs.‚Äù travel + tourism underpin the south‚Ä¶",2021-05-28 21:50:01
jamaica tourism minister steps up lobby for vaccine equit‚Ä¶,2021-05-28 21:49:04
hk should open vaccine tourism.,2021-05-28 21:46:56
"a  range of questions critical to our community, including seniors issues and support, tourism, support for student‚Ä¶",2021-05-28 21:43:45
bartlett steps up lobby for vaccine equity at global tourism recovery¬†summit,2021-05-28 21:36:12
"cnn : vaccine tourists are coming to america.


via",2021-05-28 21:29:39
i hear about this: vaccine tourism.,2021-05-28 21:15:41
figure it out   vaccine doesn't allow you to travel between islands + no where to get tested in‚Ä¶,2021-05-28 20:53:42
"to be fair, a big portion of their economy relies on tourism. alsothey‚Ä¶",2021-05-28 20:03:59
a global search for vaccines fuels a different kind of tourism,2021-05-28 19:58:49
tourism minister edmund bartlett has stepped up his lobby for players in the global community to make their voices‚Ä¶,2021-05-28 19:52:09
so vaccine tourism is a thing now!!how come hotels &amp; private centres/hospitals have adequate stock &amp; cowin app runs‚Ä¶,2021-05-28 19:45:43
"you heard right, vaccine tourism is what they call it",2021-05-28 19:27:28
desantis stands by no cruise ship exemption for ‚Äòvaccine passports‚Ä¶,2021-05-28 19:17:06
a reopening with mainland china would be a lifeboat for hong kong‚Äôs beleaguered tourism industry. talks seem to be‚Ä¶,2021-05-28 19:01:05
"vaccine tourism now!
this is what modi has done to us,  a few ‚Äúholes‚Äù make money from pandemic! 
this country has b‚Ä¶",2021-05-28 18:48:35
bartlett has stepped up his lobby for players in the global community to make their voices heard about the issue of‚Ä¶,2021-05-28 18:38:42
i saw on the news earlier tonight that more groups of people are going to be included in the priority list for vacc‚Ä¶,2021-05-28 18:24:44
"please ask
 - minister for natural resources &amp; tourism, to remove requirement of negativ‚Ä¶",2021-05-28 17:57:57
"the vermont chamber, scott administration, and the swvt chamber are holding shires pop up vaccine clinics for hospi‚Ä¶",2021-05-28 17:11:44
such a low hanging fruit given vaccine tourism was a big thing,2021-05-28 16:44:24
well!! just like russia india has vaccine tourism packages now.,2021-05-28 16:27:19
"forget russia, even india has vaccine tourism packages now.",2021-05-28 16:05:03
they have vaccine????? vaccine tourism business. waaah.,2021-05-28 15:53:14
it's gov. desantis vs. the cdc! the florida governor threatens to fine cruise lines that require passengers to be v‚Ä¶,2021-05-28 15:52:12
"after a year of store closures, supply constraints, margin compression, and devastating losses in the tourism/resta‚Ä¶",2021-05-28 15:41:37
all of these destinations rely on tourism and folks lying or forging covid vaccine cards to go to someone else‚Äôs co‚Ä¶,2021-05-28 15:38:09
the vaccine tourists are flying into the us to get vaccinated. wouldn‚Äôt it be better to send the vacc‚Ä¶,2021-05-28 15:31:37
"amba  and h.e. mr. marco campomenosi,  mep, and a member of ep committee on transport and tour‚Ä¶",2021-05-28 15:19:27
"so, this vaccine tourism in/to  is a real thing. in finland you have to wait for vacc. in the city you live‚Ä¶",2021-05-28 15:18:01
"is vaccine tourism in us, good or bad?",2021-05-28 14:56:57
"vaccine tourism:
experience 1: when you just feel a slight pinch with the jab
experience 2: jab jab is followed by‚Ä¶",2021-05-28 14:49:49
the us worried about vaccine tourists. now it‚Äôs encouraging them. | mit technology review -,2021-05-28 14:47:08
tourism-dependent greece wants brussels to move faster on the eu vaccination certificate.,2021-05-28 14:39:35
"new trend now  - 'vaccine tourism' - 
must appreciate how industry is changing in these crisis times...",2021-05-28 14:36:24
milwaukee‚Äôs hospitality heroes are taking their second shot today during our hospitality vaccination day at‚Ä¶,2021-05-28 14:01:10
"care to update on 3v (visit, vaccine &amp; vacation) tourism policy of the government which was widely promoted in inte‚Ä¶",2021-05-28 13:45:52
so now what stops the domestic tourism boards to start promoting themselves as vaccine vacation !,2021-05-28 13:23:28
new york city plans to offer vaccine tourism | more on :   ‚Ä¶,2021-05-28 13:17:02
i live on the south coast so year tourism always nice. be a nice ‚Äòexpe‚Ä¶,2021-05-28 13:16:29
"vaccine tourism: travel agency now offers 24-day russia trip with two sputnik-v shots 

we a‚Ä¶",2021-05-28 13:06:56
yet another major publication (yesterday it was the ny times) outlines the disaster that is the bolsonaro response‚Ä¶,2021-05-28 12:57:27
"1pm london &amp; se news: bank holiday tourism, hounslow vaccine effort, met criticised over richard okorogheye, teddin‚Ä¶",2021-05-28 12:50:00
"so school debate, vaccine rollout debate, lockdown debate, ltc debate, healthcare waitlist debate,‚Ä¶",2021-05-28 12:44:37
"no,  most likely alteration of numbers to make things seem ""fine"" right befor‚Ä¶",2021-05-28 12:41:35
"want to fly to russia, us for 'vaccine tourism'? read the fine print",2021-05-28 11:53:05
"seen that flyer for a trip to russia for vaccination? well, forget vaccination, right now, there are only 5 countri‚Ä¶",2021-05-28 11:46:04
"in mid-may, a colourful flyer started floating on social media, announcing a month-long trip to  for vaccina‚Ä¶",2021-05-28 11:37:59
is vaccine tourism a thing for indians? have a read.,2021-05-28 11:37:45
t√°naiste leo varadkar told rt√© radio that delays in deliveries of the johnson &amp; johnson and astrazeneca vaccines wi‚Ä¶,2021-05-28 11:20:37
"tourism in scotland has been destroyed as a result of coronavirus.

fortunately there's a vaccine so it should retu‚Ä¶",2021-05-28 11:09:31
nz &amp; aus shut themselves in but the uk relies heavily on outside trade and outbound and i‚Ä¶,2021-05-28 11:03:23
": tourism frontline workers are now included in the government‚Äôs to priority list for vaccination, al‚Ä¶",2021-05-28 10:55:13
"‚úàÔ∏è  ""the uk has led the world with our vaccine rollout, and for our beleaguered travel and tourism sector, it‚Äôs hig‚Ä¶",2021-05-28 10:49:46
so jacinda with a huge majority can‚Äôt make decisions for herself and judith collins has a‚Ä¶,2021-05-28 10:47:05
some american cities and states are encouraging vaccine tourism.,2021-05-28 10:29:51
"... meanwhile, from the land of better science classes.",2021-05-28 09:51:21
"yespali ko  le donations ma matrai bhar na pari primarily vaccine, health, education, tourism/hospitality  i‚Ä¶",2021-05-28 09:12:54
‚Äòeu vaccine ‚Äòpassport‚Äô roll-out likely before summer‚Äô - a scheme to re-ignite  and  sector across eu‚Ä¶,2021-05-28 09:11:03
tourism frontliners now included in a1 vaccine priority group ‚Äî dot,2021-05-28 09:10:47
malta latest travel updates by tourism malta | which vaccine is approved by malta ? latest update: malta tourism :‚Ä¶,2021-05-28 08:28:47
"sunshine coast tourism operators have been dealt another blow, with queensland slamming shut its borders to victori‚Ä¶",2021-05-28 08:12:54
the malaysian association of private hospitals (aphm) is requesting the government to create a globally recognised‚Ä¶,2021-05-28 08:05:16
"perhaps hospitality and tourism workers, should be included in the 1b vaccine. thus to bene‚Ä¶",2021-05-28 07:53:14
rt some american cities and states with a surplus of vaccines are helping foreign travelers get their shots to help‚Ä¶,2021-05-28 07:49:48
"rt techreview ""some american cities and states with a surplus of vaccines are helping foreign travelers get their s‚Ä¶",2021-05-28 07:45:18
"we have family in colombia and apparently, there is such a thing as vaccine tourism to the usa.",2021-05-28 07:24:47
"vaccine tourism: read the fine print, warn travel agents -  vaccine tourism: read the fine p‚Ä¶",2021-05-28 07:21:15
the us worried about vaccine tourists. now it‚Äôs encouraging them. - some cities and states with a surplus of vaccin‚Ä¶,2021-05-28 07:02:06
"a country struggling for vaccine and oxygen is in a hurry to develop tourism, by displacing an indeginous fishermen‚Ä¶",2021-05-28 06:58:43
"local vaccine tourism. :)

imo, anyway it's be‚Ä¶",2021-05-28 06:06:41
"tourism frontline workers are now included in the government‚Äôs to priority list for vaccination, alongside health c‚Ä¶",2021-05-28 06:01:26
here's one reason why our vaccination program sucks. our very own government cannot get their acts straight. is the‚Ä¶,2021-05-28 05:58:34
"show me georgia's, because i read kemp said they wouldn't have a state government pass‚Ä¶",2021-05-28 05:35:46
qantas could offer travel perks to incentivise you to get vaccinated   ‚Ä¶,2021-05-28 05:06:55
update: the country's pandemic response task force expands further the sectors included in the top vaccination prio‚Ä¶,2021-05-28 03:51:57
quarantine and isolation hotel workers have been included in the a1 priority group for  vaccination.,2021-05-28 03:40:00
when can i have a lil vaccine tourism. as a treat,2021-05-28 03:12:00
"the department of tourism (dot) on thursday said as the economy reopens, the government should start discussing pol‚Ä¶",2021-05-28 02:30:00
~ wait until region victoria screams out for tourists ~‚Ä¶,2021-05-28 02:22:46
"""vaccine tourism"" is definitely real. j&amp;j shots are being offered to anyone at miami int'l airport for the next few‚Ä¶",2021-05-28 01:12:30
keep an eye on this development though,2021-05-28 00:50:58
(vaccine tourism has started in the us) airports offer vaccine shots to memorial day travelers,2021-05-28 00:17:24
$isgi  picking up steam! could see the .40's sooner than later!,2021-05-28 00:03:12
just in: workers in hotels operating as quarantine or isolation facilities will be prioritized for covid-19 vaccina‚Ä¶,2021-05-27 23:49:56
some american cities and states with a surplus of vaccines are helping foreign travelers get their shots to help bo‚Ä¶,2021-05-27 23:11:46
"| tourism secretary berna romulo-puyat says as the economy reopens, the government should start discussi‚Ä¶",2021-05-27 22:45:00
"vaccines work, vaccinated people should cross and canadians should be able to get a vaccine in the usa.‚Ä¶",2021-05-27 22:40:50
if they don‚Äôt have a vaccine card the port may well refuse ent‚Ä¶,2021-05-27 22:25:13
| tourism secretary berna romulo-puyat announces that leisure workers working in hotels currently being‚Ä¶,2021-05-27 22:15:00
"re my last 2 rts: 

it seems like common sense at this point. if what's left in the us are people who are anti-vax,‚Ä¶",2021-05-27 22:00:20
‚Äúi decided to travel because i was not sure when i was going to get the vaccine in my country.‚Äù,2021-05-27 21:40:31
mexican airlines report booming business for vaccine tourism to u.s. despite travel restrictions,2021-05-27 21:29:37
"tourism minister, hon. edmund bartlett, has called on regional leaders and those from other parts of the developing‚Ä¶",2021-05-27 19:56:27
: the us worried about vaccine tourists. now it‚Äôs encouraging them. | mit technology review‚Ä¶,2021-05-27 19:28:03
really interesting piece on vaccine tourism. anecdotally i know of lots of mexicans flying to the us to get their j‚Ä¶,2021-05-27 18:47:13
"vaccine tourism: useful websites and recommendations for before, during, and after dosing in the¬†us",2021-05-27 18:43:20
"i would like to know why they would not be vaccinated

and

we have people flying into miami airport f‚Ä¶",2021-05-27 18:41:39
": eu legislators reach compromise on vaccine certificates, canada-us border restrictions extended to june 21s‚Ä¶",2021-05-27 18:40:03
"the us is operating a vaccine apartheid globally by protecting monopoly pricing rights (aka patents), and then enco‚Ä¶",2021-05-27 18:37:52
"‚Äúit‚Äôs a bit of a joke, really,"" says a vaccine tourist from nairobi, kenya. ""is it really better to fly loads of pe‚Ä¶",2021-05-27 18:34:43
will canadians be travelling around the country this summer? what about the u.s. border and international travel? w‚Ä¶,2021-05-27 18:22:00
"but but ü•∫ i‚Äôm stuck here in africa 
(sidebar: who wants to sponsor my vaccine tourism... i‚Äôll give you a‚Ä¶",2021-05-27 17:37:57
good news for the vaccine tourism industry.,2021-05-27 17:36:46
"people are traveling to america with the express purpose of getting the covid vaccine. what is this, covid tourism?",2021-05-27 17:19:10
will this be a requirement of new york state? because they are going to have zero tourism if they don't‚Ä¶,2021-05-27 17:06:02
"that's hilarious!

vaccine tourism as an explanation for the outstanding impr‚Ä¶",2021-05-27 16:54:17
"shsp dean and former  official robert amler, m.d., m.b.a., states the efficient approach is to ship th‚Ä¶",2021-05-27 16:45:03
biden 'restrictions' not restrictive: mexican airlines report booming business for vaccine tourism to u.s. despite‚Ä¶,2021-05-27 16:41:23
did you know that israel is getting ready to restart tourism this summer? thanks to the success of the covid-19 vac‚Ä¶,2021-05-27 16:32:37
do you have a vaccine tourism ..... needed at the earliest üôÑ,2021-05-27 16:24:21
"ffs how can they be so stupid?
it's mind boggling. there's always been a few anti vaccine peop‚Ä¶",2021-05-27 15:51:42
"planning a trip to  but still haven't managed to get the  yet? now, you can get a two-in-one deal by ge‚Ä¶",2021-05-27 15:51:19
vaccinated travellers pose a minuscule risk to the public. trudeau should get vaccine passports movi‚Ä¶,2021-05-27 15:40:28
"happy tourism week! üõ∂  pre-covid, tourism bizz accounted for 2% of canada's gdp +employed 1.8 million workers?‚Ä¶",2021-05-27 15:30:01
a poll released this week finds that a whopping 79% of canadians support vaccine certificates or vaccine passports‚Ä¶,2021-05-27 15:28:18
"i guess this is a thing, huh? as with some of the responses i've seen to the outbreak in taiwan, there will be thos‚Ä¶",2021-05-27 15:22:03
administration invited covid catastrophe in kashmir by organizing mega tourism events to show normalcy in kashmir &amp;‚Ä¶,2021-05-27 15:12:03
us promoting vaccine tourism,2021-05-27 15:01:10
"with  vaccine rollout underway, the european commission is pushing for a 'digital green certificate' to fac‚Ä¶",2021-05-27 15:00:35
"trudeau wants people to be 75% vaccinated because he believes in the vaccine protecting people, yet he hasn't made‚Ä¶",2021-05-27 14:01:11
celebrity cruises will start its first cruise out of port everglades requiring passengers to be vaccinated. the shi‚Ä¶,2021-05-27 13:53:17
vaccine tourism is a thing. it‚Äôs about to get interesting.,2021-05-27 13:39:18
"encouraging !!
the us worried about vaccine tourists. now it‚Äôs encouraging them.
some cities a‚Ä¶",2021-05-27 13:29:14
"good morning, for travelers coming for tourism it states that your vaccine is only valid for 6 months‚Ä¶",2021-05-27 13:20:52
"here in barcelona pretty nice now. vaccine situation going well. no tourism yet, but in some weeks it wi‚Ä¶",2021-05-27 13:04:06
just in: workers in quarantine hotels are moved to priority list a1 for immunization as approved by vaccine czar ca‚Ä¶,2021-05-27 12:55:35
"will  back down from confrontation over 'vaccine passports,' even if it could cost the state money?",2021-05-27 11:45:22
desantis and cruise lines are heading for a showdown over vaccine requirements. cruise lines have said they might l‚Ä¶,2021-05-27 11:42:20
open the borders to allow canadians to get vaccinated,2021-05-27 11:40:38
"others just visit for jabs -

the us worried about vaccine tourists. now it‚Äôs encouraging them.
some c‚Ä¶",2021-05-27 11:40:07
"the dope comes bearing good news for   !

follow the link below for details.‚Ä¶",2021-05-27 10:30:06
"i visit bhanu bhawan daily to check on vaccines slot. all i hear in last few weeks is vaccines only for tourism, fo‚Ä¶",2021-05-27 10:02:21
"the dracula castle, located in the carpathian mountains in transylvania, is one of the most famous dark tourism sit‚Ä¶",2021-05-27 09:59:16
vaccina nationalism effects.,2021-05-27 09:42:13
"as vaccines become more widely available in wealthy nations, the profile of vaccine tourists has also begun to shif‚Ä¶",2021-05-27 09:32:48
":  picks up slowly, with the continent leading the way  | the changing landscape of soc‚Ä¶",2021-05-27 08:59:29
"in maldives, they are planning on vaccine tourism.",2021-05-27 08:39:33
"""we have arrived in the us not for the american dream, we are here for the vaccine dream,"" 49-year-old elver estela‚Ä¶",2021-05-27 08:26:40
"situation update, may 26th, 2021 - full - vaccine tourism, cdc bribes dating apps, who threatens to unleash next pa‚Ä¶",2021-05-27 07:52:10
"there is no real recovery here yet - still in survival mode.
vaccination is now open to all over 18.
local health t‚Ä¶",2021-05-27 07:42:04
latin america is very short of covid-19 vaccines. most of the over 400 million vaccine doses administered across th‚Ä¶,2021-05-27 07:14:41
tourism agency warns against ‚Äòvaccine tours‚Äô due to hidden costs and return-flight risks,2021-05-27 07:10:00
"thai news update: 27-05-21

1. chulabhorn royal academy to import, sell covid-19 vaccine
2. locally produced astraz‚Ä¶",2021-05-27 07:06:05
vaccine tourists are coming to america and travelers were not asked for proof of residency in the us at vaccination‚Ä¶,2021-05-27 07:01:00
off my own feed it‚Äôs basically all selfiefashiondanceloopporn. i never c‚Ä¶,2021-05-27 06:48:07
love to see your input about this:,2021-05-27 06:44:20
"hopefully after this latest vaccine debacle of morrison's, following on the bushfire one, australian electors will‚Ä¶",2021-05-27 05:49:29
vaccine tourism is the latest trend in usa,2021-05-27 05:42:02
vaccine tourists are coming to america,2021-05-27 05:36:56
will the states that have closed their borders return the tax payer $1.2 billion subsidy to the tourism in‚Ä¶,2021-05-27 05:22:58
gvb to present vaccine tourism plan to governor; will ask for astrazeneca authorization  via  news first,2021-05-27 04:55:39
"vaccine tourists are coming to america
     ‚Ä¶",2021-05-27 04:51:44
interesting.,2021-05-27 04:38:48
"tourists watch too much cov1d tv and afraid to travel i guess. the locals live a normal life.

still re‚Ä¶",2021-05-27 04:23:35
"meanwhile, immigrant taxpayers with regular work visas from eu are not allowed to come back to the united states. s‚Ä¶",2021-05-27 04:13:21
icymi: mexican airlines report booming business for vaccine tourism to u.s. despite travel restrictions‚Ä¶,2021-05-27 03:56:03
"some of my friends in mexico went to texas for the vaccine. just back and forth, no tourism. twice in a month and a half.",2021-05-27 03:25:28
the us worried about vaccine tourists. now it‚Äôs encouraging them.  rich people really do practice solidarity.,2021-05-27 03:24:52
how do we account for those canadians who received their vaccines abroad in our metrics? lots of vaccine tourism am‚Ä¶,2021-05-27 03:18:34
"vaccine tourism: read the fine print  via  sasdha, who like his mother already had‚Ä¶",2021-05-27 03:10:45
"open border + offer vaccine = huge tourism dollars moving south, i love it !  all could have been minimized and can‚Ä¶",2021-05-27 03:01:13
"today's podcast covers a multitude of topics, including ""vaccine tourism"" where people from mexico and even taiwan‚Ä¶",2021-05-27 02:34:04
good! ‚ú®,2021-05-27 01:53:59
"yep. more statesmanlike than that charlatan promo &amp; his gang of grifters.
keep on the guv about‚Ä¶",2021-05-27 01:52:28
vaccine is personal decision but as a country our existence and quality of life depends on us getting things somewh‚Ä¶,2021-05-27 01:43:13
meanwhile: vaccine tourists are coming to america,2021-05-27 01:32:19
tony of  stop the bs! refund all cancelled flights now &amp; announce the names of 2 corporate con men/crooks a‚Ä¶,2021-05-27 01:27:48
mexican airlines report booming business for vaccine tourism to u.s. despite travel restrictions ‚Äì¬†hotair,2021-05-27 01:05:13
australia deserves a leader - not a failed tourism ad-man! born to rule. free pass into cook courtesy of 3‚Ä¶,2021-05-27 00:43:46
australia deserves a leader - not a failed tourism ad-man! born to rule. free pass into cook courtesy of 3-‚Ä¶,2021-05-27 00:40:24
australia deserves a leader - not a failed tourism ad-man! born to rule. free pass into cook courtesy of 3-murdoch‚Ä¶,2021-05-27 00:39:01
"in a handful of islands with fewer travel restrictions and more successful vaccine campaigns, tourism is already th‚Ä¶",2021-05-27 00:36:34
"looks like we are in for a cruise vaccine show down, folks.

celebrity won cdc approval for first cruises in june f‚Ä¶",2021-05-27 00:32:05
the us worried about vaccine tourists. now it‚Äôs encouraging them.,2021-05-27 00:16:03
"cnn: vaccine tourists are coming to america
5/23/18 london by claudia rebaza, cnn london 
updated 4:51 pm et, wed m‚Ä¶",2021-05-26 23:19:17
a year ago americans were banned from entering multiple countries now people are coming here to get a vaccine shot!‚Ä¶,2021-05-26 23:07:38
called it:,2021-05-26 23:02:51
i guess people are flying to the u.s. to get vaccinated.üò±,2021-05-26 22:45:43
"this new vaccination campaign to get hardcore republicans to finally get their shot is brilliant.

‚Äúget your vaccin‚Ä¶",2021-05-26 22:44:56
"with a population of nearly 700 million people only 37 million have been fully vaccinated, paho officials said toda‚Ä¶",2021-05-26 21:57:14
vaccine tourists are coming to america.,2021-05-26 21:46:29
what do you think about this?,2021-05-26 21:13:45
so sorry there wasn't a taco bell out there for you to go to as i was depressed and never felt im‚Ä¶,2021-05-26 21:02:09
vaccine tourists are coming to america news,2021-05-26 21:00:18
"situation update, may 26th, 2021 - full - vaccine tourism, cdc bribes dating apps, who threats  via",2021-05-26 20:57:03
at this point it makes more sense to open nl tourism up to american travellers than canadian travellers thanks to trudeau's vaccine failure.,2021-05-26 20:53:02
how are they getting in if the border is still closed??,2021-05-26 20:47:15
can‚Äôt get a vaccine in asia? tourism firms are running ‚Äòvac-cations‚Äô to the us or russia ‚Äì but the costs are high |‚Ä¶,2021-05-26 20:36:05
the us worried about vaccine tourists. now it‚Äôs encouraging them. | mit technology review,2021-05-26 20:12:26
why don‚Äôt we have a vaccine ad campaign that‚Äôs as high budget and as ubiquitous as the hamish blake domestic tourism ad campaign?,2021-05-26 19:59:23
zero reported cases- i‚Äôm not sure how frequently the anti vaccine crowd is getting test‚Ä¶,2021-05-26 19:57:11
i wonder why here they always refer to hh‚Ä¶,2021-05-26 19:51:18
"vaccine tourists are coming to america: for those who can afford it, the cost of an international flight and accomm‚Ä¶",2021-05-26 19:44:18
"situation update, may 26th, 2021 - full - vaccine tourism, cdc bribes dating apps, who threats",2021-05-26 19:33:30
"travel demand from latin american countries to the us has increased in 2021, fueled by growing interest in ""vaccine‚Ä¶",2021-05-26 19:31:05
vaccine tourists are coming to america      ‚Ä¶,2021-05-26 19:13:37
"""demand for  is being driven in part by unequal access to what are seen as the most effective vaccines‚Ä¶",2021-05-26 19:01:26
"vaccine tourists are coming to america ""we have arrived in the us not for the am",2021-05-26 18:20:26
"question on incentives: dr. traxler said they're partnering with sc dept of parks, recreation and tourism to give v‚Ä¶",2021-05-26 18:13:33
"the us worried about vaccine tourists. now it‚Äôs encouraging them.  

the  is grow‚Ä¶",2021-05-26 17:21:42
domestic vaccine tourism sounds tempting.,2021-05-26 17:19:42
canadians want to travel. there is pent up demand to spend and experience life again. the majority of provinces wes‚Ä¶,2021-05-26 16:55:25
this is getting ridiculous. i can't think of a defence for keeping surplus vaccine stock to encourage health touris‚Ä¶,2021-05-26 16:54:30
"tourism? i agree, lots of tourism in ca. so, you must support keeping ca safe then with va‚Ä¶",2021-05-26 16:52:42
"4.vaccine passports (or certificates) are getting more support from countries, increasing the likelihood of a 2021‚Ä¶",2021-05-26 16:39:24
"tourism flows to southern europe should be just about higher than in 2020, with travel restrictions easing in june.‚Ä¶",2021-05-26 16:32:50
i agree mate.! what about vaccine roll outs? false hope to migrants? international stud‚Ä¶,2021-05-26 16:30:22
"this is dumb. send vaccines elsewhere!

the us worried about vaccine tourists. now it‚Äôs encouraging them.",2021-05-26 16:18:46
? let's  the !,2021-05-26 16:02:37
‚Äúis it really better to fly loads of people to new york to do this than to just fly some vaccines from new york to‚Ä¶,2021-05-26 15:54:51
"vaccine, mars mission, kms of highways per day, covid facilities, oxygen trans‚Ä¶",2021-05-26 15:25:58
"., who has written a book on medical tourism, says vaccines were meant to go first to ‚Äúthose who are most‚Ä¶",2021-05-26 15:17:34
mexico is tracking the stark improvement in covid numbers seen in neighboring u.s. but with a fraction of the vacci‚Ä¶,2021-05-26 15:00:14
"4/
this method is in part being applied through necessity because economies such as croatia's simply cannot survive‚Ä¶",2021-05-26 14:54:40
"""vaccines were meant to go first to those who are most in need, and not to people who are able to travel, who have‚Ä¶",2021-05-26 14:53:43
i saw people are doing the vaccine tourism thing. the infection rates in the maldives are shockingly hi‚Ä¶,2021-05-26 14:47:50
the us worried about vaccine tourists. now it‚Äôs encouraging them.  via,2021-05-26 14:41:45
some cities and states with a surplus of vaccines are helping foreign travelers get their shots to help boost the l‚Ä¶,2021-05-26 14:41:22
"vaccine tourism casts harsh light on global supply inequalities, vaccine hoarding, absence of int'l oversight‚Ä¶",2021-05-26 14:37:51
"vaccine tourism casts harsh light on global supply inequalities, vaccine hoarding, need for int'l oversight",2021-05-26 14:32:18
"earlier in the pandemic, people were pilloried for traveling to other places to get covid shots. today, us cities a‚Ä¶",2021-05-26 14:31:16
check out a conversation i had w/ tim evans of  &amp;  (the vaccine alliance) and the jamaican minister‚Ä¶,2021-05-26 14:30:41
"here we go, ; 24 us states currently do not require residency for vaccines; 25 more offer the shot t‚Ä¶",2021-05-26 14:07:26
"vaccine surplus in the us used to encourage tourism. 

poor countries don't even have vaccine for health workers. e‚Ä¶",2021-05-26 13:44:02
how  for global  will work,2021-05-26 13:31:41
top story: the us worried about vaccine tourists. now it‚Äôs encouraging them. | mit technology review‚Ä¶,2021-05-26 13:22:17
"but on the other hand, vaccine tourism does seem to be winning over...individual tourists. üëáüèΩ

micro-vaccine diplom‚Ä¶",2021-05-26 13:15:44
"it‚Äôs good that vaccine tourists are asking these questions, but this highlights the problem w/ vaccine tourism(and‚Ä¶",2021-05-26 13:06:07
vaccine passport protocols are developing among nations and travel businesses like airlines.  ‚Ä¶,2021-05-26 13:00:01
"in the words of , encouraging vaccine tourism is as if ‚Äúsomeone loans you their car to take your mother t‚Ä¶",2021-05-26 12:59:15
new from me: i wrote about the u.s. states/cities encouraging tourists to come get vaccinated‚Äîdespite a widening gl‚Ä¶,2021-05-26 12:57:21
"‚Äúhowever, the much more efficient approach is to ship vaccine to other countries, where their people can be vaccina‚Ä¶",2021-05-26 12:54:51
this is the reason why who is unwilling to provide us vaccine now.,2021-05-26 12:43:18
serbia is crowded with russians and chinese. the government has announced the cancellation of the vaccine for touri‚Ä¶,2021-05-26 12:12:08
also they won‚Äôt pass the vaccine passpo‚Ä¶,2021-05-26 12:09:18
ÔºÅÔºÅÔºÅmaldives‚Äô tourism minister abdulla mausoom said that maldives will soon offer vaccine on arrival as part of its‚Ä¶,2021-05-26 12:03:39
united gives pilots huge vaccination incentive     ‚Ä¶,2021-05-26 11:58:21
"virus update:

‚òÖ inequality could slow india's  fight.
‚òÖcountries reliant on  race to reope‚Ä¶",2021-05-26 11:48:19
japan opens mass vaccination centers ahead of summer olympics | travel + leisure  via‚Ä¶,2021-05-26 11:45:17
"virus update: 
‚Ä¢ vaccine inequality could slow india's covid-19 fight.
‚Ä¢ countries reliant on tourism race to reope‚Ä¶",2021-05-26 11:45:04
‚úàÔ∏è love this ! the us worried about  tourists. now it‚Äôs encouraging them. ‚Ä¶,2021-05-26 11:39:08
testing requirements and vaccine passports may make travel more expensive and bureaucratic for many years to come,2021-05-26 10:55:53
the us worried about vaccine tourists. now it‚Äôs encouraging them. -,2021-05-26 10:46:36
"opens regional  vaccination site for  nationals.

""the uae will offer sinopharm vaccine to chine‚Ä¶",2021-05-26 10:45:06
the us worried about vaccine tourists. now it's encouraging them.  ‚Ä¶,2021-05-26 10:38:29
new: the us worried about vaccine tourists. now it‚Äôs encouraging them.,2021-05-26 10:35:53
the us worried about vaccine tourists. now it‚Äôs encouraging them.  by eileen guo ‚Ä¶,2021-05-26 10:31:22
the us worried about vaccine tourists. now it‚Äôs en‚Ä¶,2021-05-26 10:28:06
humanosity's cyril zenda reports on the growing phenomenon of vaccine tourism in zimbabwe.,2021-05-26 10:22:21
beware! the 24-day vaccine tourism,2021-05-26 10:20:25
no i said scot and it means scomo  national leader has to take responsibility th‚Ä¶,2021-05-26 09:57:47
i would appreciate deputy brophy's input on how he contends that the‚Ä¶,2021-05-26 09:53:03
"chinese outbound tourism has major implications for asean economic recovery. standardised testing, vaccine document‚Ä¶",2021-05-26 09:27:27
"with size of population,  shud vaccine whole population in less‚Ä¶",2021-05-26 09:00:18
please read our   post on   turkey has talked up its credentials as a‚Ä¶,2021-05-26 08:24:41
is vaccine optimism in the air for tourism sector in malaysia?,2021-05-26 08:12:13
"geez! send the pfizer and azs to us! better yet, offer vaccine tourism! we will go get our jabs, and eat roast goos‚Ä¶",2021-05-26 08:12:01
hong kong could soon throw away millions of unused vaccine doses  | al jazeera  via‚Ä¶,2021-05-26 08:10:51
can‚Äôt get a vaccine in asia? tourism firms are running ‚Äòvac-cations‚Äô to the us or russia ‚Äì but the costs are high‚Ä¶,2021-05-26 08:00:45
"amazing to hear you at tourism recovery summit riyadh, sir, w‚Ä¶",2021-05-26 07:58:31
‚Äúwe are seeing positive shifts ‚Äì especially as vaccines roll out more broadly ‚Äì and signs that traveller optimism i‚Ä¶,2021-05-26 07:50:01
"a nz newspaper article, from around the time that morrison was creating havoc in the nz tourism body,‚Ä¶",2021-05-26 07:36:44
"chinese nationals visiting the regional tourism and business hub will be able to get the sinopharm vaccine, making‚Ä¶",2021-05-26 06:15:45
"albania. us expat, international teacher here. teachers, medical workers, 65+, tourism industry worke‚Ä¶",2021-05-26 05:56:44
"yeah no vaccine proof required, but had to deal with testing. i do have a work reason to travel to‚Ä¶",2021-05-26 05:40:28
come to beautiful soviet america for vaccine tourism,2021-05-26 05:08:09
you mean  ‚Äòs ‚Äúvaxication‚Äù tourism promotion which was spearheaded by ! that‚Äôs where t‚Ä¶,2021-05-26 03:49:36
why then promoting vaccine tourism for tourists?,2021-05-26 03:31:45
"trib_al: 'nicola sturgeon says there are reasons for ""cautious optimism"" in glasgow and east renfrewshire '",2021-05-26 02:31:02
most countries open up for tourism for vaccinated tourists but indians banned inspite of being vaccinated. are we b‚Ä¶,2021-05-26 02:28:33
"trib_al: 'as of today, more than five million doses of vaccine have been given in scotland '",2021-05-26 02:11:02
"trib_al: 'mass testing and pop-up covid vaccination clinics needed in glasgow, says anas sarwar '",2021-05-26 02:01:01
"with 70% of adults in hawaii having at least one covid vaccine dose, gov. ige lifts the outdoor ban on masks. it'll‚Ä¶",2021-05-26 01:52:25
just heard someone addressing a remark to the pm: that we urgently need quarantine housing not designed for tourism‚Ä¶,2021-05-26 01:45:16
trib_al: 'coronavirus vaccination in scotland: here are the top 10 scottish areas with the highest vaccination rate‚Ä¶,2021-05-26 01:41:02
if everyone had that attitude we'd remain with closed borders and snap lock‚Ä¶,2021-05-25 23:42:33
"is it possible to get a vaccine as a tourist, non us citizen, in",2021-05-25 22:54:42
"memorial day and the start of the summer tourism season will bring new people ‚Äì and potentially, new covid exposure‚Ä¶",2021-05-25 22:50:00
tourism: vaccines can make the difference between life &amp; death and should not be a privilege of r‚Ä¶,2021-05-25 22:40:28
"all the lunacy about covid passports makes me wonder...
if canada has vaccine passports but the usa doesn't how tha‚Ä¶",2021-05-25 22:33:18
i can't believe after the year we've had we'd ever just allow certain people to visit spain without a pcr test (nor‚Ä¶,2021-05-25 20:57:20
hcmc tourism department halts covid vaccine tours to us,2021-05-25 20:52:38
"i know, right? it only makes sense for canada to join forces with other travel destinations to ensure o‚Ä¶",2021-05-25 20:52:01
"vaccine tourism, the new way of jab‚Äôn‚Äôfly for 2021",2021-05-25 20:00:55
tourism minister¬† wants international travel reopened as soon as eu vaccine passports are in place,2021-05-25 19:45:38
tourism is a huge part of the economy. how can tourists attend events if they can't get a vaccine passport?,2021-05-25 19:20:59
big supporter - one area of strong disagreement: vaccine passports.  fl will miss out on tourism $‚Ä¶,2021-05-25 19:14:34
"it was tourism as well as vaccination at community health center, barot in the lap of himalaya . got my vaccine dos‚Ä¶",2021-05-25 19:09:55
here is the news paper cutting. the travel company said it was a miscommunication. there is nothing‚Ä¶,2021-05-25 18:48:01
they actually pulled off vaccine tourism. damn. mausoom could never.,2021-05-25 18:30:31
"interestingüëâüëâüëânew research suggest vaccine  trend in united states 

 
via ‚Ä¶",2021-05-25 18:28:23
where's the money dougie? $4.4 billion. if you screwup tourism's recovery the way you scre‚Ä¶,2021-05-25 18:20:43
"vaccine tourism to the us is on the rise. 

the citizens are not fully vaccinated in this country, but‚Ä¶",2021-05-25 17:59:47
what were yall doing before? living on another planet? lol,2021-05-25 17:35:48
tn can start vaccine tourism ü§≠,2021-05-25 17:28:56
forwardkeys reveals emergence of vaccine tourism,2021-05-25 16:37:09
"first they block vaccine supplies, next they block tourism. biden's relationship with canada is about the worst in‚Ä¶",2021-05-25 15:06:12
"modiji recently mene covaxin vaccine lagwai hai, after seeing this news new i am shocked. who ki list me covaxin ka‚Ä¶",2021-05-25 14:27:56
"with tourism hit hard by the pandemic, camel riders in northern kenya have repurposed their herds to help spread th‚Ä¶",2021-05-25 14:11:46
"the caribbean, united by tourism, is divided by covid‚Ä§",2021-05-25 14:00:56
tourism minister¬†wants international travel reopened as soon as eu vaccine passports are in place¬† -‚Ä¶,2021-05-25 13:55:13
"the online platform finally allows me to book a vaccine appointment but i am in a dilemma

the region i'm in stoppe‚Ä¶",2021-05-25 13:52:15
"county government should be doing better things like mining, tourism, and vaccine development hii wachie vijana na mayouth",2021-05-25 13:27:08
turks &amp; caicos is one of the world's most vaccinated places. haiti hasn‚Äôt received a single dose. from debuting the‚Ä¶,2021-05-25 13:25:10
"chinese tourists can now receive covid-19 vaccines in dubai
chinese above 16 to receive sinopharm vaccine, administ‚Ä¶",2021-05-25 13:06:14
i've tracked the vaccine rollout across the caribbean for  ‚Äî analyzing how the world's most tourism-d‚Ä¶,2021-05-25 12:39:15
i get my first vaccination on friday so high time for my own   donation. if everyone that w‚Ä¶,2021-05-25 12:38:04
"stop smoking bath salts! this guy is taking away your rights, spreading covid, kill‚Ä¶",2021-05-25 12:30:58
"the current high case rate has been attributed to people letting their guard down over easter, according to the cou‚Ä¶",2021-05-25 12:27:13
cool. thats not due to the vaccine bungle. that's due to other countries not controlling it as‚Ä¶,2021-05-25 12:20:34
coronavirus vaccination in scotland: here are the top 10 scottish areas with the highest vaccination rates,2021-05-25 12:15:56
"actually, chris thanks to the lnp and their vaccine bungle the industry i worked in is ruine‚Ä¶",2021-05-25 12:14:44
"with a new service having been set up to allow people aged 18 to 29 to register for vaccination, ms sturgeon said i‚Ä¶",2021-05-25 12:06:11
nicola sturgeon told people getting vaccinated was not only about protecting themselves from the virus ‚Äúit is also‚Ä¶,2021-05-25 12:04:28
nicola sturgeon said efforts were underway to accelerate the vaccination programme ‚Äúas far and as fast as supplies‚Ä¶,2021-05-25 12:03:29
"scotland recorded two coronavirus patient deaths and 318 new cases in the past 24 hours, nicola sturgeon announced.",2021-05-25 11:59:02
"nicola sturgeon said 16,421 people had received their first dose of the vaccine on monday, while 29,035 scots were‚Ä¶",2021-05-25 11:58:30
someone should tell her that her boss doesn‚Äôt like planes.. he prefers a push and a cycle to spain.,2021-05-25 11:58:03
"nicola sturgeon: ""we also expect that vaccines will offer even higher levels of effectiveness against hospitalisati‚Ä¶",2021-05-25 11:56:55
vaccine tourism is an industry on the rise.  via,2021-05-25 11:56:34
first minister stressed the ‚Äúextensive public health efforts that are under way in glasgow will take time to work t‚Ä¶,2021-05-25 11:55:28
"in glasgow ms sturgeon said the seven-day average of new cases had increased, from 112 new case per 100,000 people‚Ä¶",2021-05-25 11:54:29
"speaking about east renfrewshire, which had been considered for level 3 restrictions, nicola sturgeon said that the‚Ä¶",2021-05-25 11:54:03
"how to start tourism in iran:
 
***
stay tuned for more here 
***
‚Ä¶",2021-05-25 11:53:25
nicola sturgeon said: ‚Äúincreasingly we are monitoring whether and to what extent vaccination might be breaking that‚Ä¶,2021-05-25 11:52:08
the first minister said vaccination may allow the country to ‚Äúchange our response‚Äù to the virus.,2021-05-25 11:51:12
trib_al: 'nicola sturgeon says she hopes we might not need such 'aggressive' restrictions in future ',2021-05-25 11:51:05
nicola sturgeon said while case numbers were rising they were still ‚Äúquite low relative to the situation we experie‚Ä¶,2021-05-25 11:50:47
nicola sturgeon says she hopes we might not need such 'aggressive' restrictions in future,2021-05-25 11:44:35
"greek gov sets its priorities straight: vaccinate the islands to save 'tourism', let the rest eat cake.

""roughly 1‚Ä¶",2021-05-25 11:43:34
but she said ‚Äúanother important factor‚Äù was the latest variant of covid-19.,2021-05-25 11:41:52
she added: ‚Äúsome of the increase in case numbers being recorded just now will be due to the easing of restrictions‚Ä¶,2021-05-25 11:41:36
"ms sturgeon said while some of this rise would be due to higher testing levels, the percentage of tests that were c‚Ä¶",2021-05-25 11:41:21
"she told how scotland was experiencing a rise in cases, noting that over the last 16 days ‚Äúcase numbers albeit from‚Ä¶",2021-05-25 11:41:06
"with the total number of doses of vaccine being given now topping five million, the first minister said this was a‚Ä¶",2021-05-25 11:40:50
"nicola sturgeon confirmed 16,421 people had received their first dose of the vaccine on monday, while 29,035 scots‚Ä¶",2021-05-25 11:40:28
"mass testing and pop-up covid vaccination clinics needed in glasgow, says anas sarwar",2021-05-25 11:39:38
"as of today, more than five million doses of vaccine have been given in scotland",2021-05-25 11:36:54
"nicola sturgeon says there are reasons for ""cautious optimism"" in glasgow and east renfrewshire",2021-05-25 11:35:04
nicola  sturgeon says there are reasons for ‚Äúcautious optimism‚Äù in glasgow and east renfrewshire,2021-05-25 11:34:13
"it would be risky to open up travel, tourism and hotels at‚Ä¶",2021-05-25 11:32:39
"""in fact, just in the last 2 days or so, we may have started to see some signs that case numbers are stabilising. t‚Ä¶",2021-05-25 11:31:32
"""in glasgow, the 7 day average of new cases has increased since friday ‚Äì from 112 new cases per 100,000, to 137. ho‚Ä¶",2021-05-25 11:30:57
[coming up] we're doing some armchair travel to the maldives today. the indian ocean island chain of maldives is no‚Ä¶,2021-05-25 11:30:28
"""in east renfrewshire, case numbers may in fact have fallen very slightly. however, it is too early to be certain a‚Ä¶",2021-05-25 11:30:05
"more than five million vaccine doses have now been administered in scotland, with 3,138,366 first doses and 1,881,2‚Ä¶",2021-05-25 11:27:54
"she said 97 people are in hospital with recently confirmed covid-19, up three on the previous day. of these, six we‚Ä¶",2021-05-25 11:27:38
"the first minister told a scottish government coronavirus briefing the daily test positivity rate was 2%, down from‚Ä¶",2021-05-25 11:27:14
it means the death toll under this daily measure ‚Äì of people who first tested positive for the virus within the pre‚Ä¶,2021-05-25 11:26:56
"scotland has recorded two coronavirus patient deaths and 318 new cases in the past 24 hours, nicola sturgeon has an‚Ä¶",2021-05-25 11:26:35
"nicola sturgeon live: ""some of the increase in case numbers being recorded just now will be due to the easing of re‚Ä¶",2021-05-25 11:25:07
"nicola sturgeon live: ""we're seeing a rise in cases overall just now.""",2021-05-25 11:22:20
"news: new research suggest vaccine tourism trend in united states 

the latest research from‚Ä¶",2021-05-25 11:21:19
trib_al: 'nicola sturgeon live: 318 new covid-19 cases in scotland reported on tuesday - and two further deaths ',2021-05-25 11:21:08
nicola sturgeon live: 318 new covid-19 cases in scotland reported on tuesday - and two further deaths,2021-05-25 11:20:46
number of scots waiting a year or more for hospital care up 86% in three months,2021-05-25 11:18:53
labour call for mass testing and vaccines as part of glasgow exit plan,2021-05-25 11:14:56
new research suggest vaccine tourism trend in united¬†states,2021-05-25 11:09:34
"""the caribbean, united by tourism, is divided by covid."" by by emily palmer via nyt new york times",2021-05-25 11:06:33
coming up: nicola sturgeon is expected to speak about vaccination no-shows at 12.15 briefing. follow it via our liv‚Ä¶,2021-05-25 11:05:48
üî¥ live üì∫: nicola sturgeon is about to give a coronavirus briefing as reports of missed vaccine appointments emerge‚Ä¶,2021-05-25 11:01:32
first minister nicola sturgeon will hold a virtual coronavirus briefing with chief medical officer dr gregor smith‚Ä¶,2021-05-25 10:57:07
icymi: small businesses have been scrambling for rescue in droves as the vaccine roll-out drags on,2021-05-25 10:56:25
many are abroad and vaccine tourism is a thing,2021-05-25 10:52:49
a new coronavirus which originated in dogs is infecting children - here's what you need to know,2021-05-25 10:51:21
"coronavirus scotland: why is spain on the amber list, what are the restrictions, can i fly from scotland to spain,‚Ä¶",2021-05-25 10:47:45
new research suggest vaccine tourism trend in united states,2021-05-25 10:23:32
i heard about this in duba‚Ä¶,2021-05-25 10:16:41
the united arab emirates will offer china's sinopharm ) vaccine to chinese nationals visiti‚Ä¶,2021-05-25 10:02:28
"russia trip for rs 1.29 lakh with 2 sputnik v jabs, vaccine tourism kicks off",2021-05-25 10:01:22
"these are not vaccine passports, they are called european digital travel certs and travel should ab‚Ä¶",2021-05-25 09:58:33
"the govt is preparing to give  package for worst-affected sectors during the pandemic i.e. tourism, aviati‚Ä¶",2021-05-25 09:57:25
- the united arab emirates will offer china‚Äôs sinopharm vaccine to chinese nationals visiting the regiona‚Ä¶,2021-05-25 09:45:00
is vaccine tourism the next big thing? we took a look and were suprised to see the number of issued tickets from pe‚Ä¶,2021-05-25 09:37:18
"i have a strong intuition that vaccine is new oil. the oil is going to be obsolete, arab countries have kn‚Ä¶",2021-05-25 09:26:18
"tourism. vacation and vaccination, best of both worlds.

but is it ethical and legal? who benefits from it‚Ä¶",2021-05-25 09:22:57
"congee foreign travellers can go abroad &amp; get vaccinated. 
vaccine tourism already starte‚Ä¶",2021-05-25 09:03:50
latest research from  suggests that people are travelling to the  to receive a  against‚Ä¶,2021-05-25 09:00:03
can‚Äôt get a vaccine in asia? tourism firms are running ‚Äòvac-cations‚Äô to the us or russia ‚Äì but the costs are high,2021-05-25 08:20:01
sa needed to get in line with governments globally and accelerate the roll-out of the vaccine programme to open not‚Ä¶,2021-05-25 08:12:17
"tourism dept launches covid-19 vaccine drive for hospitality, travel sector",2021-05-25 08:08:44
latest post: tourism minister¬†wants international travel reopened as soon as eu vaccine passports are in place¬†‚Ä¶,2021-05-25 07:56:22
sanghis are the strangest creatures. this thing wants vaccine tourism when the government can't even get 20% of the‚Ä¶,2021-05-25 07:52:13
"-19 
covishield vaccine
available at 
old hospitals baramulla
covid19 vaccination of priority group o‚Ä¶",2021-05-25 07:45:52
"racism in the guise of vaccine discrimination..
but this is good for phil tourism industry.

europe‚Ä¶",2021-05-25 07:26:17
"there we go, vaccine tourism will be a thing
though not so soon.",2021-05-25 07:23:44
"newspaper headlines : ghanaian times 

‚úÖ ghana to produce covid-19 vaccine ? 

‚úÖ suspect in cape coast head teacher‚Ä¶",2021-05-25 07:19:26
"vaccine tourism: read the fine print, warn travel agents | business and economy news | al jazeera  via",2021-05-25 07:11:49
vaccine tourism in nsw for 40+. im a coming....,2021-05-25 07:11:32
airlines report increase in business from vaccine tourism - mexico news daily,2021-05-25 07:10:13
chinese tourists can now get vaccinated in dubai!,2021-05-25 07:09:09
"there we go!
vaccine tourism will be a thing from now.",2021-05-25 07:05:31
amid the second wave of  and mass vaccination programme across the world a term ‚Äúvaccine tourism‚Äù is gainin‚Ä¶,2021-05-25 07:01:50
double jabbed brits having to self isolate is complete madness and will kill tourism.,2021-05-25 06:33:01
the united arab emirates will offer china‚Äôs sinopharm vaccine to chinese nationals visiting the regional tourism an‚Ä¶,2021-05-25 06:00:28
the vaccine incentive is also a great initiative from their tourism board!,2021-05-25 05:57:10
canadians closed off from vaccine tourism in u.s.  via,2021-05-25 05:56:25
iran likely to offer covid-19 vaccine tourism services in future: minister,2021-05-25 05:43:04
due to mismanagement and god complex of one man india is out of vaccine. india is begging‚Ä¶,2021-05-25 05:24:24
"that idea didn't even make it out of the hangar, let alone onto the runway.",2021-05-25 05:06:35
"iata partners with sir ian mckellen for travel pass promotion 
the world aviation news &amp; kno‚Ä¶",2021-05-25 04:30:07
"this guy has ruined ny ‚ÄºÔ∏è he killed 15,000 elderly people in a nursing home, sexually harassed his staff inappropri‚Ä¶",2021-05-25 04:28:15
"with lnp senators like gerard rennick saying he‚Äôll just ‚Äúsit back and watch‚Äù rather than get the covid vaccine, it‚Äô‚Ä¶",2021-05-25 04:09:44
"with outbreaks and low vaccine stocks, what little resources remained to vaccinate tourism industry w‚Ä¶",2021-05-25 03:34:24
vaccine tourists urged to read the fine print on trips overseas,2021-05-25 02:35:42
watch: border restrictions are tightening on canadians traveling to the u.s. for a covid-19 vaccine.‚Ä¶,2021-05-25 02:20:04
nh - live free and vaccinate.   such a thrill to be here with my other new england friends!  still ne‚Ä¶,2021-05-25 01:49:32
"vaccine tourism: read the fine print, warn travel agents  via",2021-05-25 01:49:09
update: ho chi minh city travel dept has asked tourism firms in the city to put a hold on their vaccine tours to üá∫üá≤‚Ä¶,2021-05-25 01:22:35
"asian tourism firms offer ‚Äòvac-cations‚Äô to the us or russia, but with high costs",2021-05-25 01:06:24
"in india, the phrase ‚Äòvaccine tourism‚Äô emerged and caught up in late 2020 after several travel agencies were report‚Ä¶",2021-05-25 00:00:00
controversy about whether we need vaccine passports is like controversy whether a plane needs jet fuel.  it does.‚Ä¶,2021-05-24 23:39:09
"for croatia, the most tourism-dependent country in europe, opening up quickly is crucial to reviving its pandemic-b‚Ä¶",2021-05-24 23:34:31
travel agent associations in thailand have warned the public against operators advertising overseas tours to get va‚Ä¶,2021-05-24 23:22:17
"is vaccine uptake stimulating tourism? 
malta has become the first eu country to achieve herd immunity. the sharp d‚Ä¶",2021-05-24 21:37:41
even tourists who want to visit sa often can't because they're not allowed to travel to countries where vaccination‚Ä¶,2021-05-24 21:30:00
pattaya city mayor to urge national vaccine committee to allocate more covid-19 vaccines to chonburi and pattaya to‚Ä¶,2021-05-24 21:26:14
"san marino, maldives hope for a big boost from vaccine tourists - the washington post",2021-05-24 21:22:02
say it again! no vaccine passports no cruises so no ensuing tourism to dollars for local attrac‚Ä¶,2021-05-24 20:38:37
do you think international travel should be reopened as soon as eu vaccine passports are in place?,2021-05-24 20:35:03
vaccine tourism. lol my brother called it a ch1p trip,2021-05-24 20:18:47
"i've visited tel aviv, jerusalem &amp; dead sea in 2019 on a business trip. now want to take my family to these‚Ä¶",2021-05-24 19:22:46
my aunt who lives in taiwan just booked a flight to come next week for vaccine tourism.,2021-05-24 18:39:31
should libertarians go with pfizer instead of vaccine tourism to european microstates for sputnik v?,2021-05-24 18:34:28
"slow vaccine rollout chokes life out of tourism, small business",2021-05-24 18:30:25
airlines report increase in business from vaccine tourism,2021-05-24 17:49:20
fauci was promoting the chinese lies promoted by the who.  trump responded before anyone else by closing travel fro‚Ä¶,2021-05-24 16:56:20
"‚óÜvaccine tourism 
a 24-day vaccine tour from vietnam to la: 250 million dong (about $10,000), including return tick‚Ä¶",2021-05-24 16:49:59
"vaccine passports !

what are we cattle ?",2021-05-24 16:28:32
"demand for vaccine tours in vietnam, thailand &amp; india is being driven partly by unequal access to what are seen as‚Ä¶",2021-05-24 16:09:36
the uk prepares its vaccine passport to restart travel and tourism.,2021-05-24 16:00:34
other countries are opening up tourism and requiring proof of vaccine or testing prior to l‚Ä¶,2021-05-24 15:59:22
rosemary anderson said the news that european union countries would ease covid-19 travel restrictions f‚Ä¶,2021-05-24 15:53:05
vaccine tourism. get to cb and get your vaccine. .,2021-05-24 15:23:11
govt worried about everyone means non goans from surrounding states welcome. vaccine t‚Ä¶,2021-05-24 15:11:14
"some states have banned passport vaccine , but in the other hand, watch some states tourism industry suffer ie ny &amp;‚Ä¶",2021-05-24 15:09:11
travel and vaccine paradigm shift international travel,2021-05-24 14:03:55
can‚Äôt get a vaccine in asia? tourism firms are running ‚Äúvac-cations‚Äù to the us or russia ‚Äì but the costs are high‚Ä¶,2021-05-24 13:44:15
uae and china collaborate to give chinese visitors free vaccines. clever tourism (chinese being very high value tou‚Ä¶,2021-05-24 13:31:33
"asian tourism firms offer ‚Äúvac-cations‚Äù to the us or russia, but with high costs",2021-05-24 13:21:09
"this week is english tourism week, as we continue on step 3 of the roadmap. come and find fantastic places to visit‚Ä¶",2021-05-24 13:14:40
if nz has any spare they should try vaccine tourism for over 50 aussies.  come across the ditch for a ho‚Ä¶,2021-05-24 13:02:36
"‚Äúthis isn‚Äôt about the american dream, this is about the vaccine dream.‚Äù latin americans &amp; vaccine tourism (includes‚Ä¶",2021-05-24 12:37:35
72% of canadians support vaccine passports for travel. 67% say they're a good idea for indoor concerts and theatres‚Ä¶,2021-05-24 12:28:15
desantis lost the cruise ship business due to his anti-vaccine law.  cruise ships will‚Ä¶,2021-05-24 12:11:11
"vaccine tourism: read the fine print, warn travel agents | business and economy news |",2021-05-24 12:09:25
problem is indian govt  yet has to approve both high quality medicines yet mod.. and‚Ä¶,2021-05-24 12:08:26
walk-in covid-19 vaccines are available in vergennes for tourism and hospitality workers today! one-and-done johnso‚Ä¶,2021-05-24 12:03:01
some tiny countries hope for a big boost from vaccine tourism,2021-05-24 11:54:04
"none that we've heard off so far, albeit a different story ran on the news channels in india was a‚Ä¶",2021-05-24 11:51:11
pathological lying robodebt criminal morrison fired in tourism over corruption failed every australian in t‚Ä¶,2021-05-24 11:06:02
vanuatu gears up for international arrivals thanks to covid-19 vaccine delivery  ‚Ä¶,2021-05-24 10:58:03
in scotland anyone over the age of 18 can register for a vaccine. w‚Ä¶,2021-05-24 10:56:16
the country‚Äôs largest tourism network has called on policymakers to come up with an inclusive system that allows tr‚Ä¶,2021-05-24 10:16:44
"source :
1. 
2.",2021-05-24 10:13:22
"vaccine tourism: read the fine print, warn travel agents | business and economy news | al jazeera",2021-05-24 09:59:13
"vaccine tourism: read the fine print, warn travel¬†agents",2021-05-24 09:49:10
"vaccine tourism: read the fine print, warn travel agents",2021-05-24 09:48:36
if the outsiders who want to enter in europe r vaccinated and they have a vaccine passport ..then of‚Ä¶,2021-05-24 09:47:36
"vaccine tourism: read the fine print, warn travel agents | business and economy¬†news",2021-05-24 09:44:38
teruskan. we need to achieve 80% herd community to open local tourism industry.  buat tag no vaccine no holidays.. üòÖ,2021-05-24 09:33:09
"if only we had a vaccine plan, open borders and tourism revenues.",2021-05-24 09:32:04
looks like the only thing getting a boost is the vaccine tourism industry.,2021-05-24 09:15:12
guam hoping on vaccine tourism to revive the sector,2021-05-24 09:12:02
hhtdn general secretary samrat sanyal has said in a letter he has shot to state tourism minister indranil sen.,2021-05-24 08:59:06
vaccine passport could give you discounts on tourism and other goods and services.,2021-05-24 08:38:04
"when fraud in high places is seen as virtue and ignorance as knowledge,like the so-called mrna vaccine,everything t‚Ä¶",2021-05-24 08:35:45
1m  new users download nhs app which now shows vaccine status,2021-05-24 08:22:12
fancy covid jab in moscow? how vaccine vacay is transforming tourism in times of corona,2021-05-24 07:48:11
"proof from  that morrison‚Äôs vaccine rollout failure will delay international travel, costing jobs in tour‚Ä¶",2021-05-24 07:43:16
shortage of vaccine doses in tallinn causing inter-county vaccine tourism,2021-05-24 07:37:08
"among workers employed in tourism industry of maldives, over 57% of employees have received two doses of the covid-‚Ä¶",2021-05-24 07:21:19
‚Äòvaccine tourism‚Äô resurfaces after indians scramble to book moscow trip for sputnik jabs - theprint,2021-05-24 07:10:29
"sign up for moderna vaccinatio ! 

click link below to sign up



‚Ä¶",2021-05-24 06:44:36
"proof from  that morrison‚Äôs vaccine rollout failure will delay international travel, costing jo‚Ä¶",2021-05-24 06:34:32
"proof from  that morrison‚Äôs vaccine rollout failure will delay international travel, costing‚Ä¶",2021-05-24 06:33:56
"proof from  that morrison‚Äôs vaccine rollout failure will delay international travel, cos‚Ä¶",2021-05-24 06:32:45
"proof from  that morrison‚Äôs vaccine rollout failure will delay international travel, costi‚Ä¶",2021-05-24 06:32:10
brilliant.   maybe we should hire them to do our vaccine ads?  tourism new zealand 'stop dreaming about new zealand‚Ä¶,2021-05-24 06:31:52
"proof from  that morrison‚Äôs vaccine rollout failure will delay international travel, cost‚Ä¶",2021-05-24 06:31:01
fancy covid jab in moscow? how vaccine vacay is transforming tourism in times of¬†corona,2021-05-24 06:30:40
"it's  in canada; to support a tourism business you could buy a gift card, order online, or make plans t‚Ä¶",2021-05-24 06:16:02
what‚Äôs vaccine tourism?,2021-05-24 06:14:44
"hope our vaccine strategy wud yield d desired result

surat became khub surat post epidemi‚Ä¶",2021-05-24 06:12:50
"looks like vaccine tourism, new portfolio of  ?

adventure is part of  , ‚Ä¶",2021-05-24 05:33:03
pattaya city mayor to urge national vaccine committee to allocate more covid-19 vaccines to chonburi and pattaya to,2021-05-24 05:13:38
city mayor to urge national vaccine committee to allocate more covid-19 vaccines to chonburi and pattaya t‚Ä¶,2021-05-24 05:04:53
"morrison has failed his two major jobs this year. the vaccine rollout and national quarantine. 
this alone will imp‚Ä¶",2021-05-24 04:19:19
"more great work by , getting any truths these days is nearly impossible.

this time we know that the hun‚Ä¶",2021-05-24 04:15:46
vaccine tourism when not enough vaccines available for its citizens ü§¶‚Äç‚ôÇÔ∏è,2021-05-24 03:55:01
"founder of the ,  has warned that australia‚Äôs economy is being held back by a slow v‚Ä¶",2021-05-24 03:38:04
"should you take the vaccine tourism packages seriously

  ‚Ä¶",2021-05-24 03:36:36
"actually, now is the time for a clear international tourism re opening plan based on hard data and scenarios given‚Ä¶",2021-05-24 02:35:27
i keep hearing just the age bands being announced now to come in for the vaccine. during the‚Ä¶,2021-05-23 23:22:37
i want a vaccine passport because i love to travel. canadians boycott ameri‚Ä¶,2021-05-23 23:10:42
i want a vaccine passport. definitely. i love to travel. canadians boycott america. they call domest‚Ä¶,2021-05-23 23:06:31
residents who work in the visitor industry are hoping the lure of covid-19 shots can attract tourists.,2021-05-23 23:00:00
"us, russia, maldives in race to start covid vaccine tourism
  via",2021-05-23 21:53:43
it‚Äôs unfortunate that  is listening to the unelected  about the indian variant of covid‚Ä¶,2021-05-23 20:32:46
yeah because of tourism and prematu‚Ä¶,2021-05-23 20:13:32
in costa rica they are out of hospital beds and there is a waiting list. the government took‚Ä¶,2021-05-23 19:58:10
"people are paying a fortune to come here to obtain a vaccine, while republican idiots want to get us sick.

(it doe‚Ä¶",2021-05-23 18:58:56
"scrapping vaccine passports because they are  expecting tourism ? 
matt. ""where did you go on holid‚Ä¶",2021-05-23 18:02:32
"you touted ""tourism"" as key factor to reopening the state, now this! it has nothing to do w/tourism‚Ä¶",2021-05-23 17:46:19
thank heavens we have so many anti covid vaccine folks... we have plenty to... sell..,2021-05-23 17:39:10
"it is an old-school vaccine. about tourism...i don't know, i just read about it in twitter ü§£",2021-05-23 16:56:34
"is this true? 

""sputnik v is an old-school vaccine and doesn't attack dna. that is why it is not al‚Ä¶",2021-05-23 16:55:20
considering doing a vaccine tourism for the shingles vaccine.,2021-05-23 15:31:00
"all this for a local council election, quarantine tourism and vaccine tourism ü§°",2021-05-23 15:11:04
you can do sputnik vaccine tourism to russia üá∑üá∫,2021-05-23 15:04:39
"world‚Äôs highest motorable village komic gets fully vaccinated

 ‚Ä¶",2021-05-23 15:00:04
"how can he be? he stuffed up the vaccine rollout, purpose built quarantine and educat‚Ä¶",2021-05-23 14:44:20
walk-in covid-19 vaccines are available in vergennes for tourism and hospitality workers tomorrow may 24th! one-and‚Ä¶,2021-05-23 14:08:01
today @ 12    shares covid updates.  discusses  &amp; the ambassador pr‚Ä¶,2021-05-23 14:00:31
this means that those who have shots by¬†sinovac biotech ltd. and¬†sinopharm group co. ltd. are likely to be barred f‚Ä¶,2021-05-23 13:47:05
"vaccine tourism: russia vaccine tourism package is sold out, travel news, et travelworld",2021-05-23 13:11:11
"tourism tax and a vaccine passport?
i think i'll stay drinking in me garden.",2021-05-23 12:45:08
